{"format": "graph-model", "generatedBy": "2.12.0", "convertedBy": "TensorFlow.js Converter v4.6.0", "signature": {"inputs": {"args_0_4:0": {"name": "args_0_4:0", "dtype": "DT_INT64", "tensorShape": {"dim": [{"size": "-1"}]}}, "random_forest_model_1/3973:0": {"name": "random_forest_model_1/3973:0", "dtype": "DT_RESOURCE", "tensorShape": {}, "resourceId": 3864}, "args_0_6:0": {"name": "args_0_6:0", "dtype": "DT_FLOAT", "tensorShape": {"dim": [{"size": "-1"}]}}, "args_0_3:0": {"name": "args_0_3:0", "dtype": "DT_FLOAT", "tensorShape": {"dim": [{"size": "-1"}]}}, "args_0_2:0": {"name": "args_0_2:0", "dtype": "DT_INT64", "tensorShape": {"dim": [{"size": "-1"}]}}, "args_0:0": {"name": "args_0:0", "dtype": "DT_FLOAT", "tensorShape": {"dim": [{"size": "-1"}]}}, "args_0_5:0": {"name": "args_0_5:0", "dtype": "DT_INT64", "tensorShape": {"dim": [{"size": "-1"}]}}, "args_0_1:0": {"name": "args_0_1:0", "dtype": "DT_FLOAT", "tensorShape": {"dim": [{"size": "-1"}]}}}, "outputs": {"Identity:0": {"name": "Identity:0", "dtype": "DT_FLOAT", "tensorShape": {"dim": [{"size": "-1"}, {"size": "22"}]}}}}, "modelTopology": {"node": [{"name": "args_0", "op": "Placeholder", "attr": {"dtype": {"type": "DT_FLOAT"}, "shape": {"shape": {"dim": [{"size": "-1"}]}}}}, {"name": "args_0_1", "op": "Placeholder", "attr": {"shape": {"shape": {"dim": [{"size": "-1"}]}}, "dtype": {"type": "DT_FLOAT"}}}, {"name": "args_0_2", "op": "Placeholder", "attr": {"shape": {"shape": {"dim": [{"size": "-1"}]}}, "dtype": {"type": "DT_INT64"}}}, {"name": "args_0_3", "op": "Placeholder", "attr": {"dtype": {"type": "DT_FLOAT"}, "shape": {"shape": {"dim": [{"size": "-1"}]}}}}, {"name": "args_0_4", "op": "Placeholder", "attr": {"dtype": {"type": "DT_INT64"}, "shape": {"shape": {"dim": [{"size": "-1"}]}}}}, {"name": "args_0_5", "op": "Placeholder", "attr": {"shape": {"shape": {"dim": [{"size": "-1"}]}}, "dtype": {"type": "DT_INT64"}}}, {"name": "args_0_6", "op": "Placeholder", "attr": {"shape": {"shape": {"dim": [{"size": "-1"}]}}, "dtype": {"type": "DT_FLOAT"}}}, {"name": "random_forest_model_1/3973", "op": "Placeholder", "attr": {"dtype": {"type": "DT_RESOURCE"}, "shape": {"shape": {}}}}, {"name": "Func/random_forest_model_1/StatefulPartitionedCall/StatefulPartitionedCall/input_control_node/_10", "op": "NoOp", "input": ["^args_0_5", "^args_0_4", "^args_0_2", "^args_0_6", "^args_0_3", "^args_0", "^args_0_1", "^random_forest_model_1/3973"], "attr": {"_has_manual_control_dependencies": {"b": true}}}, {"name": "random_forest_model_1/StatefulPartitionedCall/StatefulPartitionedCall/PartitionedCall/Cast_2", "op": "Cast", "input": ["args_0_5", "^Func/random_forest_model_1/StatefulPartitionedCall/StatefulPartitionedCall/input_control_node/_10"], "attr": {"SrcT": {"type": "DT_INT64"}, "Truncate": {"b": false}, "DstT": {"type": "DT_FLOAT"}}}, {"name": "random_forest_model_1/StatefulPartitionedCall/StatefulPartitionedCall/PartitionedCall/Cast", "op": "Cast", "input": ["args_0_4", "^Func/random_forest_model_1/StatefulPartitionedCall/StatefulPartitionedCall/input_control_node/_10"], "attr": {"SrcT": {"type": "DT_INT64"}, "Truncate": {"b": false}, "DstT": {"type": "DT_FLOAT"}}}, {"name": "random_forest_model_1/StatefulPartitionedCall/StatefulPartitionedCall/PartitionedCall/Cast_1", "op": "Cast", "input": ["args_0_2", "^Func/random_forest_model_1/StatefulPartitionedCall/StatefulPartitionedCall/input_control_node/_10"], "attr": {"Truncate": {"b": false}, "SrcT": {"type": "DT_INT64"}, "DstT": {"type": "DT_FLOAT"}}}, {"name": "random_forest_model_1/StatefulPartitionedCall/StatefulPartitionedCall/Const", "op": "Const", "input": ["^Func/random_forest_model_1/StatefulPartitionedCall/StatefulPartitionedCall/input_control_node/_10"], "attr": {"dtype": {"type": "DT_FLOAT"}, "value": {"tensor": {"dtype": "DT_FLOAT", "tensorShape": {"dim": [{}, {}]}}}}}, {"name": "random_forest_model_1/StatefulPartitionedCall/StatefulPartitionedCall/Const_1", "op": "Const", "input": ["^Func/random_forest_model_1/StatefulPartitionedCall/StatefulPartitionedCall/input_control_node/_10"], "attr": {"value": {"tensor": {"dtype": "DT_INT32", "tensorShape": {"dim": [{}, {}]}}}, "dtype": {"type": "DT_INT32"}}}, {"name": "random_forest_model_1/StatefulPartitionedCall/StatefulPartitionedCall/RaggedConstant/values", "op": "Const", "input": ["^Func/random_forest_model_1/StatefulPartitionedCall/StatefulPartitionedCall/input_control_node/_10"], "attr": {"value": {"tensor": {"dtype": "DT_INT32", "tensorShape": {"dim": [{}]}}}, "dtype": {"type": "DT_INT32"}}}, {"name": "random_forest_model_1/StatefulPartitionedCall/StatefulPartitionedCall/RaggedConstant/Const", "op": "Const", "input": ["^Func/random_forest_model_1/StatefulPartitionedCall/StatefulPartitionedCall/input_control_node/_10"], "attr": {"value": {"tensor": {"dtype": "DT_INT64", "tensorShape": {"dim": [{"size": "1"}]}}}, "dtype": {"type": "DT_INT64"}}}, {"name": "random_forest_model_1/StatefulPartitionedCall/StatefulPartitionedCall/RaggedConstant/Const_1", "op": "Const", "input": ["^Func/random_forest_model_1/StatefulPartitionedCall/StatefulPartitionedCall/input_control_node/_10"], "attr": {"value": {"tensor": {"dtype": "DT_INT64", "tensorShape": {"dim": [{"size": "1"}]}}}, "dtype": {"type": "DT_INT64"}}}, {"name": "random_forest_model_1/StatefulPartitionedCall/StatefulPartitionedCall/stack", "op": "Pack", "input": ["random_forest_model_1/StatefulPartitionedCall/StatefulPartitionedCall/PartitionedCall/Cast_2", "random_forest_model_1/StatefulPartitionedCall/StatefulPartitionedCall/PartitionedCall/Cast", "random_forest_model_1/StatefulPartitionedCall/StatefulPartitionedCall/PartitionedCall/Cast_1", "args_0_6", "args_0_3", "args_0", "args_0_1"], "attr": {"T": {"type": "DT_FLOAT"}, "N": {"i": "7"}, "axis": {"i": "1"}}}, {"name": "random_forest_model_1/StatefulPartitionedCall/StatefulPartitionedCall/inference_op", "op": "SimpleMLInferenceOpWithHandle", "input": ["random_forest_model_1/StatefulPartitionedCall/StatefulPartitionedCall/stack", "random_forest_model_1/StatefulPartitionedCall/StatefulPartitionedCall/Const", "random_forest_model_1/StatefulPartitionedCall/StatefulPartitionedCall/Const_1", "random_forest_model_1/StatefulPartitionedCall/StatefulPartitionedCall/RaggedConstant/values", "random_forest_model_1/StatefulPartitionedCall/StatefulPartitionedCall/RaggedConstant/Const", "random_forest_model_1/StatefulPartitionedCall/StatefulPartitionedCall/RaggedConstant/Const_1", "random_forest_model_1/3973"], "attr": {"dense_output_dim": {"i": "22"}, "_has_manual_control_dependencies": {"b": true}}}, {"name": "Identity", "op": "Identity", "input": ["random_forest_model_1/StatefulPartitionedCall/StatefulPartitionedCall/inference_op"], "attr": {"T": {"type": "DT_FLOAT"}}}], "library": {}, "versions": {"producer": 1395}}, "modelInitializer": {"node": [{"name": "Func/StatefulPartitionedCall/input_control_node/_0", "op": "NoOp", "attr": {"_has_manual_control_dependencies": {"b": true}}}, {"name": "4114", "op": "Const", "attr": {"dtype": {"type": "DT_STRING"}, "_has_manual_control_dependencies": {"b": true}, "value": {"tensor": {"dtype": "DT_STRING", "tensorShape": {}}}}}, {"name": "Func/StatefulPartitionedCall/StatefulPartitionedCall/input_control_node/_8", "op": "NoOp", "input": ["^Func/StatefulPartitionedCall/input_control_node/_0"], "attr": {"_has_manual_control_dependencies": {"b": true}}}, {"name": "StatefulPartitionedCall/StatefulPartitionedCall/SimpleMLCreateModelResource", "op": "SimpleMLCreateModelResource", "input": ["^Func/StatefulPartitionedCall/StatefulPartitionedCall/input_control_node/_8"], "attr": {"_has_manual_control_dependencies": {"b": true}, "container": {"s": ""}, "shared_name": {"s": "c2ltcGxlX21sX21vZGVsXzJiMjRmMGI1LWU1MzctNGRkOS1iOGYyLTM0MmEyM2QxNjEzNl9sb2FkXzM0Mjc="}}}, {"name": "Func/StatefulPartitionedCall/StatefulPartitionedCall/output_control_node/_10", "op": "NoOp", "input": ["^StatefulPartitionedCall/StatefulPartitionedCall/SimpleMLCreateModelResource"], "attr": {"_has_manual_control_dependencies": {"b": true}}}, {"name": "Func/StatefulPartitionedCall/output_control_node/_2", "op": "NoOp", "input": ["^Func/StatefulPartitionedCall/StatefulPartitionedCall/output_control_node/_10"], "attr": {"_has_manual_control_dependencies": {"b": true}}}, {"name": "StatefulPartitionedCall/StatefulPartitionedCall/NoOp", "op": "NoOp", "input": ["^StatefulPartitionedCall/StatefulPartitionedCall/SimpleMLCreateModelResource"], "attr": {"_has_manual_control_dependencies": {"b": true}, "_acd_function_control_output": {"b": true}}}, {"name": "StatefulPartitionedCall/StatefulPartitionedCall/Identity", "op": "Identity", "input": ["StatefulPartitionedCall/StatefulPartitionedCall/SimpleMLCreateModelResource", "^StatefulPartitionedCall/StatefulPartitionedCall/NoOp"], "attr": {"T": {"type": "DT_RESOURCE"}}}, {"name": "Func/StatefulPartitionedCall/StatefulPartitionedCall/output/_9", "op": "Identity", "input": ["StatefulPartitionedCall/StatefulPartitionedCall/Identity"], "attr": {"T": {"type": "DT_RESOURCE"}}}, {"name": "StatefulPartitionedCall/NoOp", "op": "NoOp", "input": ["^Func/StatefulPartitionedCall/StatefulPartitionedCall/output_control_node/_10"], "attr": {"_acd_function_control_output": {"b": true}, "_has_manual_control_dependencies": {"b": true}}}, {"name": "StatefulPartitionedCall/Identity", "op": "Identity", "input": ["Func/StatefulPartitionedCall/StatefulPartitionedCall/output/_9", "^StatefulPartitionedCall/NoOp"], "attr": {"T": {"type": "DT_RESOURCE"}}}, {"name": "Func/StatefulPartitionedCall/output/_1", "op": "Identity", "input": ["StatefulPartitionedCall/Identity"], "attr": {"_has_manual_control_dependencies": {"b": true}, "T": {"type": "DT_RESOURCE"}}}, {"name": "Func/StatefulPartitionedCall_1/input_control_node/_3", "op": "NoOp", "input": ["^4114", "^Func/StatefulPartitionedCall/output/_1"], "attr": {"_has_manual_control_dependencies": {"b": true}}}, {"name": "Func/StatefulPartitionedCall_1/input/_5", "op": "Identity", "input": ["Func/StatefulPartitionedCall/output/_1", "^Func/StatefulPartitionedCall_1/input_control_node/_3"], "attr": {"T": {"type": "DT_RESOURCE"}}}, {"name": "Func/StatefulPartitionedCall_1/StatefulPartitionedCall/input_control_node/_11", "op": "NoOp", "input": ["^Func/StatefulPartitionedCall_1/input_control_node/_3"], "attr": {"_has_manual_control_dependencies": {"b": true}}}, {"name": "Func/StatefulPartitionedCall_1/StatefulPartitionedCall/input/_13", "op": "Identity", "input": ["Func/StatefulPartitionedCall_1/input/_5", "^Func/StatefulPartitionedCall_1/StatefulPartitionedCall/input_control_node/_11"], "attr": {"T": {"type": "DT_RESOURCE"}}}, {"name": "Func/StatefulPartitionedCall_1/input/_4", "op": "Identity", "input": ["4114", "^Func/StatefulPartitionedCall_1/input_control_node/_3"], "attr": {"T": {"type": "DT_STRING"}}}, {"name": "Func/StatefulPartitionedCall_1/StatefulPartitionedCall/input/_12", "op": "Identity", "input": ["Func/StatefulPartitionedCall_1/input/_4", "^Func/StatefulPartitionedCall_1/StatefulPartitionedCall/input_control_node/_11"], "attr": {"T": {"type": "DT_STRING"}}}, {"name": "StatefulPartitionedCall_1/StatefulPartitionedCall/StaticRegexReplace", "op": "StaticRegexReplace", "input": ["Func/StatefulPartitionedCall_1/StatefulPartitionedCall/input/_12"], "attr": {"rewrite": {"s": ""}, "pattern": {"s": "YjJlNWZkNGEzOTIyNGIyZGRvbmU="}, "replace_global": {"b": true}}}, {"name": "StatefulPartitionedCall_1/StatefulPartitionedCall/simple_ml/SimpleMLLoadModelFromPathWithHandle", "op": "SimpleMLLoadModelFromPathWithHandle", "input": ["Func/StatefulPartitionedCall_1/StatefulPartitionedCall/input/_13", "StatefulPartitionedCall_1/StatefulPartitionedCall/StaticRegexReplace"], "attr": {"allow_slow_inference": {"b": true}, "file_prefix": {"s": "YjJlNWZkNGEzOTIyNGIyZA=="}, "output_types": {"list": {}}, "_has_manual_control_dependencies": {"b": true}}}, {"name": "Func/StatefulPartitionedCall_1/StatefulPartitionedCall/output_control_node/_15", "op": "NoOp", "input": ["^StatefulPartitionedCall_1/StatefulPartitionedCall/simple_ml/SimpleMLLoadModelFromPathWithHandle"], "attr": {"_has_manual_control_dependencies": {"b": true}}}, {"name": "Func/StatefulPartitionedCall_1/output_control_node/_7", "op": "NoOp", "input": ["^Func/StatefulPartitionedCall_1/StatefulPartitionedCall/output_control_node/_15"], "attr": {"_has_manual_control_dependencies": {"b": true}}}, {"name": "NoOp", "op": "NoOp", "input": ["^Func/StatefulPartitionedCall/output_control_node/_2", "^Func/StatefulPartitionedCall_1/output_control_node/_7"], "attr": {"_has_manual_control_dependencies": {"b": true}, "_acd_function_control_output": {"b": true}}}, {"name": "Identity", "op": "Identity", "input": ["Func/StatefulPartitionedCall/output/_1", "^Func/StatefulPartitionedCall_1/output_control_node/_7", "^NoOp"], "attr": {"T": {"type": "DT_RESOURCE"}}}], "versions": {"producer": 1395}}, "initializerSignature": {"outputs": {"Identity:0": {"name": "Identity:0", "dtype": "DT_RESOURCE", "tensorShape": {}, "resourceId": 3864}}}, "weightsManifest": [{"paths": ["group1-shard1of1.bin"], "weights": [{"name": "random_forest_model_1/StatefulPartitionedCall/StatefulPartitionedCall/Const", "shape": [0, 0], "dtype": "float32"}, {"name": "random_forest_model_1/StatefulPartitionedCall/StatefulPartitionedCall/Const_1", "shape": [0, 0], "dtype": "int32"}, {"name": "random_forest_model_1/StatefulPartitionedCall/StatefulPartitionedCall/RaggedConstant/values", "shape": [0], "dtype": "int32"}, {"name": "random_forest_model_1/StatefulPartitionedCall/StatefulPartitionedCall/RaggedConstant/Const", "shape": [1], "dtype": "int32"}, {"name": "random_forest_model_1/StatefulPartitionedCall/StatefulPartitionedCall/RaggedConstant/Const_1", "shape": [1], "dtype": "int32"}, {"name": "4114", "shape": [], "dtype": "string"}]}]}